[
    {
        "date": "04.07",
        "number1": 2683,
        "number2": 608,
        "number3": 1584,
        "number4": 1645,
        "name": "Промо2"
    },
    {
        "date": "05.07",
        "number1": 1473,
        "number2": 907,
        "number3": 3022,
        "number4": 3603
    },
    {
        "date": "06.07",
        "number1": 1546,
        "number2": 3796,
        "number3": 3982,
        "number4": 2286
    },
    {
        "date": "07.07",
        "number1": 3624,
        "number2": 3305,
        "number3": 1164,
        "number4": 3098
    },
    {
        "date": "01.07",
        "number1": 1492,
        "number2": 3239,
        "number3": 3057,
        "number4": 1329,
        "name": "СББОЛ"
    },
    {
        "date": "02.07",
        "number1": 2359,
        "number2": 3386,
        "number3": 184,
        "number4": 1572,
        "name": "Сберлогистика"
    },
    {
        "date": "03.07",
        "number1": 2833,
        "number2": 3095,
        "number3": 3928,
        "number4": 1413,
        "name": "Tmall"
    },
    {
        "date": "08.07",
        "number1": 1520,
        "number2": 928,
        "number3": 3930,
        "number4": 2094
    },
    {
        "date": "09.07",
        "number1": 3957,
        "number2": 3092,
        "number3": 2404,
        "number4": 3476
    },
    {
        "date": 10.07,
        "number1": 2107,
        "number2": 3907,
        "number3": 2695,
        "number4": 762
    },
    {
        "date": 11.07,
        "number1": 3114,
        "number2": 189,
        "number3": 1301,
        "number4": 1263
    },
    {
        "date": 12.07,
        "number1": 2745,
        "number2": 1127,
        "number3": 3010,
        "number4": 3257
    },
    {
        "date": 13.07,
        "number1": 1958,
        "number2": 898,
        "number3": 2439,
        "number4": 686
    },
    {
        "date": 14.07,
        "number1": 3685,
        "number2": 167,
        "number3": 808,
        "number4": 3109
    },
    {
        "date": 15.07,
        "number1": 977,
        "number2": 3964,
        "number3": 3197,
        "number4": 3064
    },
    {
        "date": 16.07,
        "number1": 2142,
        "number2": 858,
        "number3": 671,
        "number4": 2097
    },
    {
        "date": 17.07,
        "number1": 2378,
        "number2": 2094,
        "number3": 2211,
        "number4": 533
    },
    {
        "date": 18.07,
        "number1": 2550,
        "number2": 3645,
        "number3": 3870,
        "number4": 2251
    },
    {
        "date": 19.07,
        "number1": 2908,
        "number2": 1490,
        "number3": 3565,
        "number4": 2895
    },
    {
        "date": 20.07,
        "number1": 2146,
        "number2": 244,
        "number3": 2802,
        "number4": 2799
    },
    {
        "date": 21.07,
        "number1": 1980,
        "number2": 3714,
        "number3": 3316,
        "number4": 3649
    },
    {
        "date": 22.07,
        "number1": 3991,
        "number2": 2133,
        "number3": 2180,
        "number4": 1828
    },
    {
        "date": 23.07,
        "number1": 549,
        "number2": 1574,
        "number3": 911,
        "number4": 2309
    },
    {
        "date": 24.07,
        "number1": 3503,
        "number2": 3134,
        "number3": 2052,
        "number4": 941
    },
    {
        "date": 25.07,
        "number1": 1944,
        "number2": 200,
        "number3": 1827,
        "number4": 1801
    },
    {
        "date": 26.07,
        "number1": 1672,
        "number2": 251,
        "number3": 2375,
        "number4": 3080
    },
    {
        "date": 27.07,
        "number1": 3076,
        "number2": 895,
        "number3": 561,
        "number4": 2713
    },
    {
        "date": 28.07,
        "number1": 1200,
        "number2": 3667,
        "number3": 2029,
        "number4": 551
    },
    {
        "date": 29.07,
        "number1": 1860,
        "number2": 3898,
        "number3": 3587,
        "number4": 901
    },
    {
        "date": 30.07,
        "number1": 1863,
        "number2": 3503,
        "number3": 419,
        "number4": 1803
    },
    {
        "date": 31.07,
        "number1": 506,
        "number2": 1895,
        "number3": 2465,
        "number4": 1642
    },
    {
        "date": "01.08",
        "number1": 1850,
        "number2": 3851,
        "number3": 725,
        "number4": 3153
    },
    {
        "date": "02.08",
        "number1": 637,
        "number2": 2439,
        "number3": 1575,
        "number4": 3763
    }
]